"","autor","titulo","texto"
"1","Patricio Rey y sus Redonditos de Ricota","Alien Duce","Alien duce adorno tu esclavitud y en un edificio en llamas te encano Nadando en ese minestron va Porco Rex a Porno Rock Si su looz bola de efectos te palmo y recoges tu higado desde un rincon Flotando en este minedtron va Porco rex a Porno Rock Va escribiendo su evangelio en los ticket de Carrefour Es el peque no gran maton de la internet Alien duce dice desde la TV que no quiere estar jamas en la TV Lo sobrevuela un gavilan que se hace pasar por el El alien duce chupa y escupe al fin Para alien duce Dios es digital"
"2","Patricio Rey y sus Redonditos de Ricota","Aquella solitaria vaca cubana","Aquella Solitaria Vaca Cubana Miraba el cielo justo a tiempo salvada del motor eterno justo a tiempo Aquella solitaria vaca cubana Rumiaba el silbido del viento la civilizacion la amaba justo a tiempo Aquella solitaria vaca cubana"
"3","Patricio Rey y sus Redonditos de Ricota","Barbazul versus el amor letal","Esta vez por fin la prision te va a gustar el reo semental se va a licuar en la prision Gatas lindas sirenas llenas Camisa apretada pezon radioactivo Reclamando el botin para la prision del dios feliz prision el dios Barbazul de esta prision Tu aullido esta vez quiera dios no se va a oir en la prision Puede la virgen labial brillar En risas pillas manzanas firmes De viejas feas como monos puaj De antiguas lobas pulpas que reviven el amor letal de esta prision"
"4","Patricio Rey y sus Redonditos de Ricota","Blues de la artilleria","Sos el as del Club Paris as lo tuyo no es el rock cierran los bares por donde van tu breto y tus ojos grises Yo no soy de aconsejar pero estas jodiendo al personal debiste poner en Rio ese restoran que te quito el sueno el sueno Pero cabe todo lo tuyo en una maldita valija De lider dealer sin freno Sos el as del Club Paris sos la joya del lugar el acento del barrio te sale mal y te quita el sueno el sueno Vas como un ciego en la bodega cual es tu charter sos un aristocrata de cotillon Sos el as del Club Paris as lo tuyo no es el rock cierran los bares por donde vas y te quita el sueno el sueno Pero cabe todo lo tuyo en una maldita valija De lider dealer sin freno Si tu moneda hablara si esa moneda hablara mas de la cuenta"
"5","Patricio Rey y sus Redonditos de Ricota","Blues de la libertad","Mi amor la libertad es fiebre es oracion fastidio y buena suerte que esta invitando a zozobrar Otra vulgaridad social igual siempre igual todo igual todo lo mismo Mi amor la libertad no es fantastica no es tormenta mental que da el prestigio loco es mar gruesa y oscuridad y el chasquido que quiere proteger ese grito que no es todo el grito Mi amor la libertad es fanatica ha visto tanto hermano muerto tanto amigo enloquecido que ya no puede soportar la pendejada de que todo es igual siempre igual todo igual todo lo mismo Mi amor la libertad es fiebre es oracion fastidio y buena suerte que esta invitando a zozobrar Otra vulgaridad social igual siempre igual todo igual todo lo mismo"
"6","Patricio Rey y sus Redonditos de Ricota","Blues del noticiero","Se muere escuchando el noticiero donde cuentan como le dan casa Se muere mirando el noticiero donde cuentan como le dan casa Paisaje transmitido entre los nervios mientras le alcanza Se muere escuchando el noticiero donde cuentan como le dan casa Paisaje transmitido entre los nervios mientras le alcanza"
"7","Patricio Rey y sus Redonditos de Ricota","Botija rapado","Estuvo grabando paredes un rato antes de fugar del cepo a la bolsa de la vieja Colina Berro y tarareando su la lan Quiso pilotear sus suenos y paso la raya la lan lan Corazones y cada flecha en su lugar dibujaba adormilado ventanas muy abiertas en las paredes a la hora de matar Empezo una vida nueva como su cancion de la lan lan Le metio una 38 en la nuca a su papa Turquito tapame que hace frio y dame un tibio y rico culito de Poxi Ran Puedo cruzar el charco a tiempo y en el ferry tarareaba la lan lan la lan Safo"
"8","Patricio Rey y sus Redonditos de Ricota","Buenas noticias","Esa banda inconsolable de perros sin folleto brujas de alma sencilla pateticos viajantes Pobres tontos pobres diablos lunaticos diamantes prometidos de carne languidos impalpables son mis amantes Llegan buenas nuevas de los escondidos de los convalescientes para los sonados Mi aliento ya no espera no hay fiera en mi colmillo pero devoro herido el espacio y el brillo de mis amantes Alguna recaida un poco de hipo brusco para los fugitivos marcados a fuego y alguno que otro hechizo todo muy sencillo si nada te conmueve ni los tiroteos de mis amantes"
"9","Patricio Rey y sus Redonditos de Ricota","Cana seca y un membrillo","Negrita yace asustada la hormiga se le durmio Dios ya no quiere que baile me dijo y me sofoco Vamos negrita baila hasta el fin Vamos negrita hacelo por mi La curva no se ha mojado ni patino mi animal Morena vi tu camisa mojada secando y arrebate Fuera pechito danino milagro te hara cambiar un dedalito de cana soplada y este ritmo zumbador Tum tum te agita morena tu cuerpo se impaciento Dios ya no me aguanta quieta me dijo corre corrida apuro Vamos negrita baila hasta el fin Vamos negrita hacelo por mi"
"10","Patricio Rey y sus Redonditos de Ricota","Cancion para naufragios","Es tan chiflado y obnubilado que puede ser Tan caprichoso y tan sonado que puede ser Bombas de aqui para alla Puede ser es irreal Ya no estas solo Estamos todos en naufragar Son seis minutos y nuestra mami va a contestar Mami elimina el error de que vos sos capaz Rayos de aqui para alla Puede ser es irreal"
"11","Patricio Rey y sus Redonditos de Ricota","Criminal Mambo","Es un criminal mambo es un criminal mambo es un criminal mambo es un criminal mambo"
"12","Patricio Rey y sus Redonditos de Ricota","Cruz diablo","Zippo que estaba hecho migas se mando en una picada chistando a su mala sombra sin copiloto ni nada Zippo va camino del infierno cagando leches no supo repartir sus fichas y su cielo ennegrece Nunca fue un listo de pesos siempre un listo de centavos Su boca arde en maldiciones que se tragan mal Se va gritando Cruz Diablo por pura cortesia El Himno de Tangopolis le dice Como al oido que sus aventuras pegan mal y anuncian poco El tipo maduro pronto y se pudrio bien temprano un barro que asfixia esa anguila es la salvajada Si el perro es manso come la bazofia y no dice nada le cuentan las costillas con un palo a carcajadas Demasiados los moretones muy pocos encantamientos Son tantos los cocineros que joden la sopa Su rocanrol sangra oidos ya que Dios le trucho el boleto Zippo una risa de mil dientes cargados de azufre"
"13","Patricio Rey y sus Redonditos de Ricota","Divina TV Fuhrer","Me voy a ahogar Me voy a pique Glu glu Me esta por hundir mi fiel fantasma Bu Buuu Si no me protege el empleado mayor que proyecta todo el tiempo mi televisor sere promovido para Navidad Como no se nos ocurrio Voy a exagerar mi fiebre no es tan alta Esta es la peor cita es una cita a ciegas Al planeta un bombazo le vamos a dar Para que no nos moleste nunca mas Sere promovido para Navidad como no se nos ocurrio No vas a esperar que enfrien a tu amigo si ya conoces la forma novedosa Divina TV Fuhrer mi amor donde quiera que vaya Eveready estara Sere promovido para Navidad como no se nos ocurrio"
"14","Patricio Rey y sus Redonditos de Ricota","Dr Saturno","Estoy hasta la pasta de misas comicas mal A prueba de bebas y a las tres en casa Queres creer Oh no Dr Saturno dame un turno te pido una mejoria Estoy menado la puerta en tu cueva doctor de amor Los renos muy pinchados a la modia del rock n roll Me cago en mis huesos que gastan la pana mojada en vinagre de nostalgias Voy ciego tonteando en la Orquesta Antibalas Oh no Vinos gruesos mal templados y ecos de Reputalandia trip No marcho en mi vieja murga en las calles no me muestro mas Entan mis muertos tan tan lejos de la pantalla en que vos te miras El higado crece el cerebro envejece y hay algo muy raro en mi plato Saturno dame un turno Yo espero con vos mejorar Dulce cadena dulce condena Dios es todo no puede progresar Dr Saturno dame un turno te pido una leve mejoria"
"15","Patricio Rey y sus Redonditos de Ricota","Drogocop","Drogocop oh Drogocop oh Su chumbo ya venia con la bronca Factor argento desaparecedor Drogocop oh Drogocop oh Juicio fantasma de los muertos queridos y una muy larga botella de Gin Drogocop oh Drogocop oh La raya que separa vida y muerte es tan angosta como su dolor Drogocop oh Drogocop oh"
"16","Patricio Rey y sus Redonditos de Ricota","El arbol del gran bonete","Su cuchillo de herrero afilo el senor de los cielos miren lo que este vicho logro al confiar en sus suenos Soy jocker comodin en la estrella del sur Sacudido del arbol cayo un fruto dulce muy raro tropece con mis ganglios y vi que morderlo era caro Soy jocker comodin en la estrella del sur Pida lo que usted quiera Senor el limite es elcielo Senor de undios nuevo mejor hecho y bajo nuestro pulgar Volvere a sumergirme Senor en este rio loco Tiene usted para mi alguna luz en esta noche eterna Ya me harto la funcion en la Estrella del Sur"
"17","Patricio Rey y sus Redonditos de Ricota","El arte del buen comer","Pituca cree que es el mejor el mejor culo para su sillon y sabe bien que hoy su chance es gorda Le ha puesto al fin su nombre al toallon compro marfiles de la selva del Congo y en su coco siempre hay un petardo Rodeado de grandanesas que se salen de la blusa con bestial dulzura rouge y risas de Baron B asi Pituca se la cree Aun ayer no ligaba el amor y no enceraba nunca el baston su boca olia como un cenicero Tuvo un golpe de audacia y se dio de timbero fogoso y feroz de los que nunca muestran todo el mazo Y hoy come la gran manzana y no deja ni pepita usa sal de melodrama pero sin abusar Y asi Pituca se la cree"
"18","Patricio Rey y sus Redonditos de Ricota","El infierno esta encantador esta noche","Son por acaso ustedes hoy un publico respetable Pueden acaso beber el vino por ustedes envasado Puede alguien decirme Me voy a comer tu dolor Y repetirme voy a salvarte esta noche Que el infierno esta encantador este infierno esta embriagador Esta noche esta encantador tu infierno esta encantador esta noche Por que no dejas de pensar en labios que besan frio para cerrar un ojo y ver cuantos cuernos tiene el diablo Puede alguien decirme Me voy a comer tu dolor Y repetirme voy a salvarte esta noche"
"19","Patricio Rey y sus Redonditos de Ricota","El lobo caido","Dije que el lobo estaba sordo que ya no escuchaba mas entre tanto montaje sonso tanta infedilidad Mate y mate y mate Muy mucha merca poco bongo y el mas gusto encallo en un manantieal frio dije frio de bisturi Mate y mate y mate La ruta esta repleta pesadilla de caritcaturas album negro que si pierden el bondi lobo pajamagia ni se van a enterar los chicos de la columnas dije gustarian tener mucha manteca y la miel de toda telita cruel Mate y mate y mate Tu careta es injusta Lobo pesadilla la moldearon alli album negro en la colina mas alta dije pajamagia en la colmena peor Mate y mate y mate"
"20","Patricio Rey y sus Redonditos de Ricota","El pibe de los astilleros","Fue unos meses a Caseros y su strato roja se hizo el torbellino que hoy suena en la radio La ceniza no caia desde su cigarro y estaba en sus ojos desarmandote Alquilo una rana rubia tibia y haragana se moria de ganas de matarla Una linda damita de Concordia el mas bello fuselaje que jamas lustro Le hizo un par de promesas imprudentes y asi fue que de ellas se aburrio Las minitas aman los payasos y la pasta de campeon El pibe de los astilleros nunca se rendia tuvo un palacete por un par de dias Rapinaba montado a los containers el maldito amor que tanto miedo da Fue por una lluvia que realmente moje que pusiera fin a su aventura Un final feliz para pimpollos alli estaba al fin acechandolo Ciertos reyes no viajan en camello ellos andan el tranco del amor Esos tipos soplan con el viento al rebano y su temor"
"21","Patricio Rey y sus Redonditos de Ricota","El Templo de Momo","Un galpon de luz es el templo de Momo pura flor chillona y pura embraguiez Santo fumador de alla de La Plata sali del letargo veni a desfilar Ademas de tu sonrisa ademas de tu dolores vas a copiar del Templo de Momo un amor salvaje y el pulso del trip Tambien hay pastel de ponsona salada Licor y baladas para embaucar Aquel rubio q se tragaba cien lucas hace lo que puede para vivir Ademas de tu sonrisa ademas si de como mentir vas a copiar desde Momo Sampler viejas medicinas para sonar Vienen tambalenado gallos sofocados y la quetejedi prepara el festin Le dan a la F100 a toda mostaza a veces funciona otras veces no"
"22","Patricio Rey y sus Redonditos de Ricota","Ella baila con todos","Es una de esas noches donde a todos nos gusta la misma bailarina ay y el mismo lunar Hay un par de mocosos que tiemblan con suspiros teatrales al ver cielos despendejados ay de todo placer Ella baila con todos paseando su mirada y cuando toma tu copa ay brinda por tu amor Ella es la que mas brilla a esta hora cree que es invisible esta vez a los ojos de todos los tontos que saben su lunar"
"23","Patricio Rey y sus Redonditos de Ricota","Ella debe estar tan linda","Conduje toda la noche reventando los cambios con mis ojos de durax lastimado Por Dios La ruta esta trabada y fria Y cae la lluvia en estocadas finas Ella debe estar tan linda descubriendo mi secreto con sus oscuros ojos delatando Quiero morder el tallo de su rosa aunque me clave sus unas espinas Conduje toda la noche reventando los cambios con mis ojos de durax lastimado Y ahora estoy en lios por mi furia sin un centavo encima y cae la lluvia La cara sobre la almohada encadenada de plata esta tendiendo la trampa para nuestro amor y estoy a punto de tirar la esponja Conduje toda la noche etc"
"24","Patricio Rey y sus Redonditos de Ricota","Esa estrella era mi lujo","Era todo pregunte soy un iluso no nos dimos nada mas solo un buen gesto Mordi el anzuelo una vez mas siempre un iluso nuestra estrella se agoto y era mi lujo Ella fue por esa vez mi heroe vivo Bah Fue mi unico heroe en este lio la maas linda del amor que un tonto ha visto sonar metio mi rock n roll bajo este pulso"
"25","Patricio Rey y sus Redonditos de Ricota","Espejismo","La tierra gira hoy menos veloz en ciertas cosas el diablo siempre es neutral Pasara ya pasara este espejismo pasara Cerra los ojos y ves la boutique del rock y sus jugadas que siguen saliendo bien Lo mejor de nuestra piel es que no nos deja huir Contra las cuerdas vas a desafinar canciones tristes duenas del corazon Borra el rastro tu dolor y ya no te arrepentis"
"26","Patricio Rey y sus Redonditos de Ricota","Estas frito angelito","Tu naturaleza te quiere matar ojos con dos pupilas te van a matar dale que va Estas frito angelito Hay buitres en la tele que quieren matar con carnadas finas te van a matar dale que va Estas frito angelito Camellos prestigiosos te van a matar vas a tener que usar panales de aqui en mas dale que va Estas frito angelito Vas a poner contacto y tu culo va a volar lejos de tu croqueta va a volar dale que va Estas frito angelito"
"27","Patricio Rey y sus Redonditos de Ricota","Esto es to todo amigos","Con este bonus track de mierda de guerra la armada Buscapina ahora va a pirar Acabaran sus dias de cohiba en muerte sexy sexy de mas Tu diablo peor el diablo que reza va a pesar su cola en Cyberbabel Danza macabra del Gheto de los Pibes sexy sexy demas La sole se fue de lo linda que era Cabeza de hurco cabeza se flan Pajarito loco de cyberbabel te perderas en abrasos de molusco sexy sexy demas Por donde el mister va chifla el falso conde canciones heroycas para Omar Chaban Donaran sus huevos a la ciencia Sexy sexy demas"
"28","Patricio Rey y sus Redonditos de Ricota","Etiqueta negra","Venia rapido muy rapido y se le solto un patin a el que era el rey de esta jungla Se le solto un patin Su corazon no era un hotel aunque corria ese rumor y hoy tiene una entre otras cruces en este bosque siempre cruel Dejo un billete que pide a gritos que lo gasten como una hoja derivo en tu mismo turbio rio Entre amuletos y talismanes su destino desafiio si su nariz crecia de tamano prometia mas No le robaba nunca a nadie a nadie en especial gano un orzuelo de tercer ojo y su nariz sangro No hubo caricias para su celo moro y ahora mira crecer las flores desde abajo Safo"
"29","Patricio Rey y sus Redonditos de Ricota","Fanfarria del Cabrio","En el ano de la fiebre por descuido del Senor llego el que no tiene tiempo el diablo mas veloz arrastrando los pies Ni cuando robo el fuego tuvo esa rapidez No vino hasta este mundo a caerte en gracia a vos Le prohibieron la manzana solo entonces la mordio la manzana no importaba nada mas la prohibicion El cuerpo del delito se esconde en su corazon Luzbelito esta creido que fue el que nacio en Belen Demonio de lengua de oro Dios en tan poco cortes llego y pateo la Caja de los Truenos y sonrio"
"30","Patricio Rey y sus Redonditos de Ricota","Fuegos de octubre","De regreso a Octubre Desde Octubre Sin un estandarte de mi parte Te prefiero igual internacional"
"31","Patricio Rey y sus Redonditos de Ricota","Fusilados por la Cruz Roja","Hay mucho misterio en tus ojos y hay mucha chispa aun en tu cerebro loco Pero estas hundido en tu propia herida Hay muchas formas de pelar al gato y ay puede fusilarte hasta la Cruz Roja En esta vieja cultura frita Vas apartando a golpes tus dolores asi vas a ser el mas premiado de la morgue Porque estas hundido en tu propia herida Te encanara un robocop sin ley un crono rock japolicia hecho en Detroit La gente decente es diferente pero tu belleza empieza a abrise paso En esta vieja cultura frita Te encanara un robocop sin ley un crono rock japolicia hecho en Detroit"
"32","Patricio Rey y sus Redonditos de Ricota","Gran lady","Llegue a transar una Vulcan roja y alli conoci en un tugurio de frontera visteando en portunol Gran lady Lionel Ritchie en el Bar Princesa sonaba ensonador y la Gran lady se tatuaba en una hamaca tibia al sol Gran lady Todo bonito y barato playeras marca top billetes rotos de loteria sembrados por el hall La Gran lady te acaricia y no besa oh no es un instante de belleza muy cruel mira tu suerte en los buzios no cobran nunca sus promesas quita la sal de tus mejillas feliz Paredes de carton piedra un lujo y el milagro sensual de mujeres fantasmas gringas y morenas joyon Gran lady Botellas de Johnie rojo de Johnie negro y ron y de cachaca doncella loca que calma tu dolor Gran lady"
"33","Patricio Rey y sus Redonditos de Ricota","Gualicho","El zumba se colgo del bondi a Finisterre rajando del amor detras de un beso nuevo Con lo que cuesta armar un full armar algun puto full y jugarlo en este pano Dios Gualicho de olvidar apretado en las manos Las despedidas son de esos dolores dulces Con lo que cuesta armar un full armar algun puto full y jugarlo en este pano Dios Caldos de venus que son como agua bendita y un par de raunds de amor con la tele encendida Con lo que cuesta armar un full armar algun puto full y jugarlo en este pano Dios Puede ser chaparron pero tambien tormenta No quiero verte mas sera asi mi ceguera Con lo que cuesta armar un full armar algun puto full y jugarlo en este pano Dios Gualicho de olvidar"
"34","Patricio Rey y sus Redonditos de Ricota","Heroe del whisky","Vendera algun milagro nada de mas de bebedores entrenados no digo mas y regresara a su ciudad en la caja de un camion las estrellas ahi nomas a su alcance frias Tiene metido hasta las cejas un triste papel en un menu muy complicado de tony soiree Es lo que puede ofrecer papeles tristes y sed de boca floja y perdon para su lengua Bailara para la prensa y dedicara el nuevo rock de las cavernas a su vanidad Un heroe del whisky mas el perro se hace notar su truco le hace ganar nenas bohemias No va a morir frente al Dakota no alcanzara dice que el amor se muere y no dice mas Un heroe del whisky mas en la caja de un camion las estrellas ahi nomas a su alcance frias"
"35","Patricio Rey y sus Redonditos de Ricota","Hora de levantarse querido","Sonaste angelitos muy profesionales que iban al grano jugando a los gangsters Dormis colgado en la rama que soldaste con primor y el carozo del asunto es tu temor es solo tu temor que es tan puro y tan elegante sentado en tu dedo muy almibarado A vivir que son dos dias descolgalos del laurel Nadie quiere tu secreto mas que vos nadie mas que vos Tenes la licencia para envenenarnos pensas con audacia consejos muy agrios Un canibal desdentado ensenando a masticar tu negocio es muy dificil de explicar y facil de ensenar facil de ensenar si dormiste bien"
"36","Patricio Rey y sus Redonditos de Ricota","Jijiji","En este film velado en blanca noche el hijo tenaz de tu enemigo el muy verdugo cena distinguido una noche de cristal que se hace anicos No lo sone ieee eeeeh se enderezo y brindo a tu suerte y se ofrecio mejor que nunca No mires por favor y no prendas la luz La imagen te desfiguro Este film da una imagen exquisita chicos son como bombas pequenitas El mejor camino a la cueva del perico para tipos que no duermen por la noche No lo sone ieee eeeeh Ibas corriendo a la deriva No lo sone ieee eeeeh los ojos ciegos bien abiertos El montaje final es muy curioso es en verdad realmente entretenido vas en la oscura multitud desprevenido tiranizando a quienes te han querido Olga Sudorova Vodka de Chernobil Pobre la Olga crepo"
"37","Patricio Rey y sus Redonditos de Ricota","Juguetes perdidos","Banderas en tu corazon yo quiero verlas ondeando luzca el sol o no Banderas rojas Banderas negras de lienzo blanco en tu corazon Perfume al filo del dolor asi invisible licor venereo del amor que esta en las pieles sedas de sedas que guarda nombres en tu corazon Son pajaros de la noche que oimos cantar y nunca vemos Cuando el granizo golpeo la campana sono desperto sus tristezas atronando sus nidos Esperando alli nomas en el camino la bella senora esta desencarnada Cuando la noche es mas oscura se viene el dia en tu corazon Estas cambiando mas que yo Yira Yira Yira Asusta un poco verte asi Yira Yira Yira Cuanto mas alto trepa el monito asi es la vida el culo mas se le ve Yo se que no puedo darte algo mas que un par de promesas ticks de la revolucion implacable rocanrol y un par de sienes ardientes que son todo el tesoro Tan veloces son Como borrones asi veloces hundiendo el acelerador atragantados por los licores soplando brasas en tu corazon Vas a robarle el gorro al diablo asi adorandolo como quiere el enganandolo Sin tus banderas sedas de sedas que guardan nombres en tu corazon Este asunto esta ahora y para siempre en tus manos nene oh oh oh Por primera vez vas a robar algo mas que puta guita Cuando la noche es mas oscura se viene el dia en tu corazon Sin ese diablo que mea en todas partes y en ningun lado hace espuma"
"38","Patricio Rey y sus Redonditos de Ricota","La bestia pop","Mi heroe es la gran bestia pop que enciende en suenos la vigilia y antes que cuente diez dormira A brillar mi amor vamos a brillar mi amor a brillar mi amor vamos a brillar mi amor Mi amigo esta grogui sin destilar pero yo se que hay caballos que se mueren potros sin galopar A brillar mi amor vamos a brillar mi amor a brillar mi amor vamos a brillar mi amor Voy a bailar el rock del rico Luna Park y atomizar la butaca y brillar como mi heroe la gran bestia pop A brillar mi amor vamos a brillar mi amor a brillar mi amor vamos a brillar mi amor Mi heroe es la gran bestia pop que enciende en suenos la vigilia y antes que cuente diez dormira A brillar mi amor vamos a brillar mi amor a brillar mi amor vamos a brillar mi amor"
"39","Patricio Rey y sus Redonditos de Ricota","La dicha no es una cosa alegre","Una rumbita se armo una fea carcajada Incombustible no sos como bancas ese infierno Sonas la hoguera donde siempre sos la lena Cuanto tiempo mas vas a estar esclavizado asi refugiado en tu soledad Estas hundido a fondo a fondo Estas tomando de mas y estas tolerando todo Lastimas tu corazon porque ella te ha abandonado Quedaste mordiendo el aire solo y sin dolor Cuanto tiempo mas vas a estar escavizado asi refugiado en tu soledad con tu tortura de TV siempre asi La mujercita que amas esa suave flor judoka la va de maga zulu y combina tus venenos haciendose la ingeniosa odiosa siempre fiel Cuanto tiempo mas vas a estar esclavizado asi refugiado en tu soledad Estas hundido a fondo a fondo Mientras la vida se va Ay Mientras la vida pasa sin darte cuenta ahi estas con tu cara de colgado Tu angel guardian es de todos el mas tonto que hay Cuanto tiempo mas vas a estar escavizado asi refugiado en tu soledad Con tu tortura de TV siempre asi Tenes la mejor mano para sellar tus labios"
"40","Patricio Rey y sus Redonditos de Ricota","La hija del fletero","La hija del fletero linda infinita volvio a Madrid donde parece que es feliz ese dia me mando al descenso recuerdo como su mirada me volteo Pero dos que se quieres se dicen cualquier cosa Ay si pudieras recordar sin rencor En mi buzon hay un par de cartas suyas fueron juntandose y no tengo el valor Todavia su amor me descargas nunca tuvo higo seco junto a mi Pero a los ciegos no les gustan los sordos y un corazon no se endurece por que si No calentas la misma cama por dos noches me reclamaba y no la quise oir hice de todo por impresionarla y deje huerfano todo su penar No me gusto como nos despedimos daban sus labios rocio y no bebi Sopa de almejas es todo lo que como Siempre fui menos que mi reputacion"
"41","Patricio Rey y sus Redonditos de Ricota","La Murga de la Virgencita","Marita lo hace por guita con los bomberos del cuartel Su barrio es tan enclemente y su comparsa siempre es cruel Suena con que su rollo sea pelicula de amores suaves La murfa de la virgencita es aguijon picante y miel Se tambalea en sus tacones no tiene nada que perder Nunca pudo comer del queso sin que la trampera la aplaste Los cohces van y viene y su ilusion fulana se empolva la nariz muerde el labio y va otra vez para ahogar arcadas gusto a menta junto con sus bostezos Sus chulos son legion de cucharangos que hacen temblar de miedo su boquita Ay ay mi virgencita Se maquilla la piel para el Tunel del amor y tambien para su Tren fantasma con la boquita seca Sera el propio buen Dios quien toca aso el tambor y que ahuyenta su clientela y la aflije con tristezas Pilchitas de poliester y santidad de virgen Milagro mas milagro menos otra polilla en busca de la luz La murga de esa virgencita que no quiere besar a nadie"
"42","Patricio Rey y sus Redonditos de Ricota","La Murga de los Renegados","No da mas La Murga de los Renegados No da mas la murga sin la bendicion Entre soportes modorras siegas y oscuridad de bodega sin luz va esa murga desencantada que lleva siglos asi No da mas La Murga de los Renegados No da mas la murga sin la bendicion Putas serenas que sin tan lindas que dan miedo cuando las miras para vos ellas son capaces de herirte con su dolor No da mas La Murga de los Renegados No da mas la murga sin la bendicion Destino armado por Bingo Tongo tanta medula que enveneno Un bobo leva y un tonto enjuaga y la muerga nos vuelve gritar No da mas La Murga de los Renegados Ya se va la murga sin la bendicion"
"43","Patricio Rey y sus Redonditos de Ricota","La parabellum del buen psicopata","La noche tira un salto mortal pura tontera del punto G y el joven lobo quemandose de amor Esta en la boca del volcan nunca pudo ser muy fiel timidamente moja el suavestar Y traga migajas de rock maravilla para este mundo y traga esas migas indescriptibles trucos de placer Un tecno duque trabajo nuevos gemidos para el show su industria de la diversion quebro Un gran remedio para un gran mal amores como flechas van cruzando el sueno y te acribillaran"
"44","Patricio Rey y sus Redonditos de Ricota","La pequena novia del carioca","Un dia despues despues de vos crucE los dedos la barca paso y el rio quedo al fin quieto solo un tiempo fue que ayudo a pasar un buen rato Un castillo de naipes se callo y palabras baratas En el aire entre los dos brillo una copa rota mala suerte mi palma dio destino obscuro Un dulce licor del romero fue la mala idea loca te vas a enterar por esta cancion para el carioca No sueno mas con vos ya cayo otra slor del cielo te voy a robar esta cancion de amor y de consuelo A la suava luz de la luna vi tu espalda hay un lugar alli para huellas y un lunar nocturno Apostamos mal Seras nas feliz vagabundeando muy poco amable fui nada nuevo vi en tus ojos"
"45","Patricio Rey y sus Redonditos de Ricota","Ladron de mi cerebro","Caceria hecha con dos naipes datos feos por eso brindamos El mejor testigo se puede contradecir por eso brindamos ladron de mi cerebro Trato hecho sobre un tapete comodines y las jotas abren Ella es bailarina de la Caja Musical el es el peligro ladron de mi cerebro No quiero que me digas nada si es tan duro vivir como un duro Si corres peligro con solo venir aqui no me digas nada ladron de mi cerebro"
"46","Patricio Rey y sus Redonditos de Ricota","Las increibles andanzas del capitan Buscapina","Rey Garufa Mientras walter invade nuestra fiesta el capitan buscapina salda deudas Sentado en bolas watcheando la tele donde se matan hoy el Pincha y los Canallas ey ey ey Walter invade la tierra Dandy border Dandy domino oh ho Su princesita ay se transformo en sapito y sus minutos de gloria no aparecen Asi el fiestero Rey Garufa viaja solo y vaga con su corazon entre las manos ey ey ey Walter invade la tierra Rey Garufa Dandy domino Es amo de resacas surfeando avalanchas sabe que la vida es corta Abrochese los cinturones mis queridos ante el mejor campeon del amor el psicoheroe que en el casino argentina se devora a Comboman con su bocado maravilla nam nam eh eh Walter invade la tierra Dandy border Dandy domino oh ho No es perita en dulce es farandula de clones super Walter guaterpruf"
"47","Patricio Rey y sus Redonditos de Ricota","Lavi rap","EI morta huesito y Mr Ed van a saltar otra vez sin red Se enrollan se baten se agitan y mojan en LAVI RAP Al comprar el pajarito debieron preguntar tal vez cuanto costaba la linda jaula del LAVI RAP Onambolicos asteroides tragan y esperan para enjuagar al todopoderoso dios del LAVI RAP Solo saben llorar por minas y por guita no mas bohemia todo es chusmear y tener todo clariiito en LAVI RAP Si el pajarito da la buena van al Tortoni al Castelar y suman un buen bano turco al LAVI RAP El ultimo show no murio casi nadie se fue vacio el furgon de los fiambres cubrieron la mierda de azucar negra en el LAVI RAP"
"48","Patricio Rey y sus Redonditos de Ricota","Luzbelito y las sirenas","Luzbelito sabe que su destino es de soledad ve tambien que los demas se dan cuentan de la risa que le da Ay Ay Ay que risa le da Ay Ay Ay que risa le da Un par de culos va a patear de los que le juran mas lealtad y llorara su corazon como un nazareno del Cuzco Ay Ay Ay esa lagrima Ay Ay Ay que risa le da La vida sin problemas es matar el tiempo a lo bobo si un dios bobeta Bim bum bam toca tu roncanrol lacrimogeno Ay Ay Ay esa lagrima Ay Ay Ay que risa le da Estos ojos de quien son de quien son mis deseos de hoy y este insomnio de quien es Luzbelito pregunta una y otra vez Ay Ay Ay mis deseos de hoy Ay Ay Ay mis deseos de hoy"
"49","Patricio Rey y sus Redonditos de Ricota","Maldicion va a ser un dia hermoso","Se de alguien que ha declarado contra su moscardon imaginario impecable testigo de caricias que se esfumaron cuando bajo la guardia dejo Pintan mal las cosas para mi viejo pintan mal Maldicion Va a ser un dia hermoso Se de alguien que enturbia sus sentidos para tener lugar en la balanza de las brutales risotadas hemorragias de la pavada celestial de la avalancha Pintan mal las cosas para mi viejo pintan mal Maldicion Va a ser un dia hermoso Se de alguien que obliga a su aventura a pagar los platos rotos de la gira es el rufian arrepentido de los dias el unic grito que valia Pintan mal las cosas para mi viejo pintan mal Maldicion Va a ser un dia hermoso"
"50","Patricio Rey y sus Redonditos de Ricota","Mariposa Pontiac","Ven a mi casa suburbana me obsesiona tu prision Ven a mi casa suburbana me obsesiona tu prision Ay Mariposa Pontiac que va a ser de mi Sin tus caricias nena que va a ser de mi"
"51","Patricio Rey y sus Redonditos de Ricota","Masacre en el puticlub","Por una pipa del 9 arranco la gran masacre del puticlub con pastilla en tren gladiador puso un huevo y la cosa expoloto Rock fuerte en el Puticlub cambio la suerte del Puticlub Buena faena de tajo y talon ruedan los dientes del negro Canon Su mala leche no siente dolor y arroja entranas por todo el salon Los impacientes del Puticlub perdian el tiempo y la salud el Gas Coreano de pronto arribo llego del norte y todo acabo Rock fuerte en el Puticlub je je que fuerte lo del Puticlub"
"52","Patricio Rey y sus Redonditos de Ricota","Me matan limon","Ni bien amaino la tormenta olvido las promesas hechas otra vez Me matan Limon Hijueputas Limon Por los techos viene el bloque otra vez Oh otra vez Oh otra vez Pasan las dos Delatandolo apenas las dos delatandolo a las dos de la tarde y zumba feo algun moscon Voy sangrando Limon Padrecito de Me la dieron Limon nuestros pobres que sangran por las tejas como vos Limon Oh otra vez Oh otra vez Nunca pudo llorar ni sonar al dormir pero sabe que a las dos es tarde ya v Todo el bloque Limon Nuestra gente no baila y canta mi Dios no quiere escuchar cumbias y merengues crueles otra vez Oh otra vez Oh otra vez Oh otra vez Oh otra vez"
"53","Patricio Rey y sus Redonditos de Ricota","Mi perro dinamita","Yo no se si a tu perro le gusta ladrar a lo bobo mi perro No no quiere No con el hocico afiebrado No recuperando palitos corriendo a lo bobo Por que si es su rock n roll No mas culo mojado No quiza algun fueguito aqui y all alg n fueguito ensaya mi perro Porque este es su rock n roll Mi perro dinamita esta fiero como un tartaro y grune No rechaza No no mueve el rabo con docilidad ni da la patita ni hace el muertito y aulla este rock n roll Y dice No y me desobedece No es lo mejor que hace aqu y all el muy zorrito la v de rififi Porque este es su rock n roll"
"54","Patricio Rey y sus Redonditos de Ricota","Morta punto com","El Morta quiere mas japines se tira a todo santo Ja El Morta quiere mas japines no pregunta mas por el menu Como si se la machacara contra un cascote quiere gozar Uh Uh va perdinedo aceite Uh Uh relincha mas Con sus gambas de poli brinca y cae levemente hacia su estribor Uh quito esa vieja foto del negro Chu Berri de se placard El Morta quiere mas japines fellatio diluvio man El Morta quiere mas japines y guateque hot porno escolar El barulo hinchado de gin picante ya se le ha mojada por el serrin Ya Ya es todo Ya no quiere esperar su suerte mas Uh Uh va bombeando su guita Uh en trolas coquetas que llenan de mentiras se oreja desde celular En ese bulo que no cierra sys puertas alli esta su cuertel Flota en un bano de burbujas Ta tartamudea y cubre su rabo con un gran toallon Plastikito trae bagayita y se lo ve feliz El Morta quiere mas japines y apenas se mentiene en pie El Morta quiere mas japines y culo grandes como pianos beibi El Morta quiere mas japines"
"55","Patricio Rey y sus Redonditos de Ricota","Motor psico","Siempre tengo a mi lado a mi dios asi me das mas Un susurro muy especial asi me das mas Motor psico el mercado de todo amor Lo que debes como puedes quedartelo Junto a la hemoglobina me fui y ya no sangro mas De la nada a la gloria me voy asi me das mas Motor psico el mercado de todo amor Lo que debes como puedes quedartelo Voy jugando de acuerdo al dolor fichando de mas Mi dios no juega dados quizas este a mi favor Motor psico el mercado de todo amor Lo que debes como puedes quedartelo"
"56","Patricio Rey y sus Redonditos de Ricota","Murga purga","Buche Sebo Buche Vos bola de mierda Ya no hay mas propina No No Un borracho malo carne que camina parida con un pedo triste Sos un moscon zumbon que quedo atrapado en un vaso boca abajo Penas del corazon que duran siempre menos que las de la prision Chivato"
"57","Patricio Rey y sus Redonditos de Ricota","Musica para pastillas","Flacas gimnastas de America Secas austeras sovieticas muchachitas fatales en blancos zoquetes chinos Son todas joyas patricias de amor La mas hermosa nina del mundo puede dar solo lo que tiene para dar Musica para pastillas rapido y mucha cuchilleria Para mi amor esto esta muy Shangai Roqueros bonitos educaditos Con grandes gastos educaditos Emboquen el tiro libre que los buenos volvieron y estan rodando cine de terror"
"58","Patricio Rey y sus Redonditos de Ricota","Nadie es perfecto","Un tipo especial este Superboca experto del re mundo actual Quiso ir a Nueva York quiso ir a las series quiso deslizar pates Le hizo crack el hueso al final que ruido crack hasta astillar Le hizo crack el hueso al final nunca nada especial Canito de metal de acero al cromo niquel toda una oportunidad y a nuestro heroe fiel un ex pilar de rugby jarabe de la nuca unto Le hizo crack el hueso al final que ruido crack hasta astillar Le hizo crack el hueso al final nunca nada especial Ahora el tipo arropa como un bolchevique y con la soga al cuello va Un viejo limon le banca la parada el del bisnes ya no es el Le hizo crack el hueso al final que ruido crack hasta astillar Le hizo crack el hueso al final nunca nada especial"
"59","Patricio Rey y sus Redonditos de Ricota","Nam fri frufi fali fru","Voy a cuidar de mi amorcito que esta borracha por demas otra vez me llama nene doctor Yo no la cambio por nada cuando empieza a cabalgar Voy a cuidar de mi amorcito que mordio el vidrio por demas otra vez me llama nene sifon Cuando me muerda alocada Nam fri frufi fali fru Nam fri frufi fali fru nam fri frufi fali fru Yo no la cambio por nada cuando empieza a cabalgar"
"60","Patricio Rey y sus Redonditos de Ricota","Nene nena","Vamos nene nena acercate a el quiere que le paguen jubilacion por todos los anos en que aporto en la pobre caja del rock and roll Y lo fajaron tanto que se arrugo Y lo jodieron tanto que se pudrio Nene nena Nene nena Nene nena Por treinta dineros viste New Wave y lo banca la casa Musica Pop y una muy lujosa jubilacion con alternativas de informacion Y lo fajaron tanto que se arrugo Y lo jodieron tanto que se pudrio Nene nena Nene nena Nene nena"
"61","Patricio Rey y sus Redonditos de Ricota","Noticias de ayer","No se muy bien sobre que pierna bailo a veces me agarra Perdi mi cupo para gas nervioso y noticias piratas Noticias de Ayer Extra Extra Buenos atracos perfectos atentados bien iluminados Las monjas verdes revolucionarias para gran consumo Noticias de Ayer Extra Extra Se desgracio al campeon del hiper futbol primero en el ranking Los guerrilleros eran saharadies abajo en la tabla Noticias de Ayer Extra Extra Interminables cadenas de video la presion sujetan Buenas noticias sabrosas telefotos A tragar sin culpa Noticias de Ayer Extra Extra Rock maravilla para todo el mundo que gocen los ratones Bandas derviches mortales escabeches mostrando sus trucos Noticias de Ayer Extra Extra"
"62","Patricio Rey y sus Redonditos de Ricota","Nuestro amo juega al esclavo","Mucha tropa riendo en las calles con sus muecas rotas cromadas y por las carreteras valladas escuchas caer tus lagrimas Nuestro amo juega al esclavo de esta tierra que es una herida que se abre todos los dias a pura muerte a todo gramo Violencia es mentir Formidables guerreros en jeeps los titanes del orden viril Que botines esperan ganar si nunca un perro mira al cielo Si hace falta hundir la nariz en el plato lo vamos a hacer por los tipos que huelen a tigre tan soberbios y despiadados Violencia es mentir"
"63","Patricio Rey y sus Redonditos de Ricota","Nueva Roma","Mi vieja crio un idiota de corazon lunatico dicen mil rocanroles por los satelites dicen mil rocanroles desde los satelites A un perro se lo cura como se cura a un perro dicen mil rocanroles por los satelites dicen mil rocanroles desde los satelites Nueva Roma Te cura o te mata Nueva Roma ya esta Locura de locuras porfiar dados trucados dicen mil rocanroles por los satelites dicen mil rocanroles desde los satelites Las maquinas vigias pasan volando el mundo dicen mil rocanroles por los satelites dicen mil rocanroles desde los satelites Nueva Roma Te cura o te mata Nueva Roma ya esta"
"64","Patricio Rey y sus Redonditos de Ricota","Nuotatori Professionisi","Cuando la marea los quiere tapar en el corazon de la noche pagan con promesas los nenes de oro Como actuan esos tipos felices Como brillan sus muecas festivas Si acarician pasteles de culo sanos muy fuertes y azucarados Sudar no les cambia la racha no llevan el juego en la sangre y van descarados lindos varoncitos de oro Viven temiendo despertar de sus suenos Van de vampiros de arrabal Adidas digitales Pepsi inyectable y dame mas dame mas Que milagroso dia el de hoy Retiran mientras van ganando esa es su dulce macumba para nenas que llevan manton de martirio Esos nenes con superpoderes hoy se trenzan en juego espartano como lenguas de fuego que arrasan a su paso todo lo que pueden Le hacen precio a los buenos amigos por un par de tatuajes masocas y pagan con promesas los nenes de oro"
"65","Patricio Rey y sus Redonditos de Ricota","Pensando como una acelga","Volanteas volcas tu taxi paranormal tan fuera de foco meloneando el coc parpadenado a lo Guru vudu Definitivamente limpio Definitivamente curado asi tambien te ves bien Ciego de felicidad tu cerebro es un jabon con tu flor de espadas en plan de chofer suicida y de curabichero on line Pero a veces muy pocas veces se te escapa un poquito al diablo asi tambien te ves bien Te servis brindas con un consejito cruel loco por una colilla vas a en carne viva y gracias por el trago man Dicen que ya no hay huevos de oro al final del arcoiris Las reliquias huelen mal Abracada bla bla Estas tan sonaja man cara de loco esqueleto masticas la pepa de loquito ye ye Definitivamente limpio Definitivamente curado Asi tambien te ves muy bien"
"66","Patricio Rey y sus Redonditos de Ricota","Perdiendo el tiempo","Va a amanecer y desde el muelle veo el ferry en que te vas El amor empezo a quedarte chico y el silencio lo enredo Angeles yo ya no me puedo ir me ata un fuego y mi sueno duerme aqui Ella si que era el fuego ella si que bailaba en las llamas Por primera vez tengo miedo de no hacer bien mi papel Se que voy a perder un poco de tiempo y tirar con lo que hay Angeles yo ya no puedo partir me ata un fuego y mi sueno duerme aqui Ella si que era el fuego ella si que bailaba en las llamas Apago sus ojos tristes y luego embarco Recuerdos que mienten un poco siempre fue asi Nuestro miedo helara este infierno creo Sopla un viento frio en la ciudad"
"67","Patricio Rey y sus Redonditos de Ricota","Pierre el vitricida","Como se rie el gordo Pierre Y rompio el vidrio el gordo Pierre como rajo el gordo Pierre y como tose el gordo Pierre Y como rie el gordo Pierre y como tose el gordo Pierre Es vitricida el gordo Pierre rompio el vidrio el gordo Pierre"
"68","Patricio Rey y sus Redonditos de Ricota","Pogo","Replegadas y acechando prontas a saltarme al cuello esas jodas se le caen de los bolsillos mientras bailan el pogo del payaso asesino Bailan el pogo del payaso asesino Bailan el pogo del payaso asesino Son mas lindas que prudentes son las monas culeadoras comen de la cajita feliz y bailan el pogo del payaso asesino Bailan el pogo del payaso asesino Bailan el pogo del payaso asesino Y estan las pibas de Ushuaia que son princesas del frio corazones adiestrasos que se van a los caminos Bailan el pogo del payaso asesino Bailan el pogo del payaso asesino Atropellan y rebotan apaleadas por la pasma van borrachas como cubas y bailan el pogo del payaso asesino Bailan el pogo del payaso asesino Bailan el pogo del payaso asesino Creen que enganando tipitos enganan a un dios berreta ay esas lindas que nos miman mientras balian el pogo del payaso asesino Bailan el pogo del payaso asesino Bailan el pogo del payaso asesino"
"69","Patricio Rey y sus Redonditos de Ricota","Pool Averna y papusa","Su llave arrojo se fue sin mas puteando por lo bajo se marcho Un killer riff en su contestador dejo sonando como confesion Sin bulchitear a nobody man una corazonada fue esta vez lo puso en la ruta bie bie con pases de chabona y lagrimas Con un platino de American Express trucho pero un lindo camaleon Se despidion del negro Burgundy pero enseguida le bajo el pulgar brindo tambien con el flaco Merlin y vacaciones dia a su corazon No hay quien le quite a ese gallo el espolon Que ruede la bola El zumba se va bie bie Bendita sea su vieja pick up lo hecho de la cabina y se desvio lo escupio y desbarranca y al borde del abismo lo dejo Fue la claridad que lo enceguecio Que ruede la bola En zumba se fue Bie bie"
"70","Patricio Rey y sus Redonditos de Ricota","Preso en mi ciudad","Una vez le hice el amor a una dracula con tacones era un pop violento que guio el gran estilo siniestro Ahora ya no llora Preso en mi ciudad ja ja ja Casi ya no llora atrapado en libertad Practicamos tiro al pichon y un test para ir al espacio con mi delicioso campeon y el rock como todo llanto ahora ya no llora Preso en mi ciudad ja ja ja Casi ya no llora atrapado en libertad Fue un esclavo sensible y chillon y facil para el gatillo atrapo un beso bien hechor con ojos al rojo vivo Ahora ya no llora casi ya no llora"
"71","Patricio Rey y sus Redonditos de Ricota","Pura suerte","Que un sueno acabo ya te dijeron pero no que todos los suenitos no Arrugar no es ir al saladero Pero ay mi viejo ay que rabia da Yo no puedo librarme a lo que te debo como ilusion Ay Si pudiera como si fuera un chicoemborrachar el ritmo de un maldito rock Pero hay un par de ojos inclaudicablesque valio la pena alquilar para ver Imagina los planes que en mi mente estantan sin dolor Esto ya esto ya no es rock mi amor Es pura suerte"
"72","Patricio Rey y sus Redonditos de Ricota","Queso ruso","Paso de moda el Golfo como todo viste vos como tanta otra tristeza a la que te acostumbras Ahora vas comprando perlas truchas sin chistar calles inteligentes alemanas para armar y muchos marines de los mandarines que cuidan por vos las puertas del nuevo cielo El bronceador Charlotte te cuida de la radiacion rematan el electro de Elvis al morir Fijate de que lado de la mecha te encontras con tanto humo el bello fiero fuego no se ve y hay algo en vos que esta empezando a asustarte cosas de hechiceria desafortunada Quedate con el vuelto mula de la enfermedad pobrete que sos tropa de la guita y chimpance quedate esa petaca con saliva y nada mas mordiendote la lengua por poco me enganas Sentis la mosca joder detras de la oreja y chupas la fruta sin poder morderla y hay muchos marines de los mandarines que cuidan por vos las puertas del nuevo cielo"
"73","Patricio Rey y sus Redonditos de Ricota","Rato Molhado","Tumberito jamon y porron mira vos que tan lejos llego Va por un golpe mas de bourbon y a la Plaza Irlanda a guapear Rociado con Kenso Jungle moldeado por INTER NOVA Desayuno en la cama con dios para el chino chipero que es Juega siempre a que mata de amor gragantilla de sangre veloz Su cara es tan expresiva con el par de sus botas nuevas Con sus curdas de Goliath y sus poros brotando hormonas Con bebas empalas que lo acarician Es feliz Los tiras no duelen mucho el sabe que solo arden Meta conga risas y cascabel con la manfa seca su nariz Mandinga lo pone asi siniestro pero gentil Una sombra chinesca que encadila a su muerta y se va"
"74","Patricio Rey y sus Redonditos de Ricota","Rock del pais","Me vine a ver un recital de rocanrol del pais y miren toda la cacona que juntaron aqui Sera que pueden calentarnos el pavito nomas para gastarlo Verte feliz no es nada es solo un rocanrol del pais Verte feliz no es nada es todo lo que hacemos por ti Tuve temprano entre mis manos mi boleto y oi que en el ensayo ya chingaban nuestra onda y pense con la lechuza que circula ya no se puede mas para gastarlo Verte feliz no es nada es solo un rocanrol del pais Verte feliz no es nada es todo lo que hacemos por ti Safo"
"75","Patricio Rey y sus Redonditos de Ricota","Rock para el negro Atila","Quiero verte huir como un ladron al que nunca pueden atrapar y apretar en tu bolsillo todo el metalico brillo sin temor Quiero verte oler como el raton el peligro del gato maton que ha cambiado la sirena y compro matraca nueva de ocasion Quiero verte hundido en tu gaban masticando el frio marginal y ademas de todo verte lunatico blanco y presa de mi amor"
"76","Patricio Rey y sus Redonditos de Ricota","Rock para los dientes","Este mundo esta empresa este mundo de hoy que te enifa la cabeza una y otra vez en una linea y otra linea y otra linea mas Voy cumpliendo como puedo Yo trabajo aca Y te esnifo la cabeza cada dia mas y me esnifan la cabeza y nada ni nadie lo puede parar Vos crees ser el mas fiero el mas prontuariado aqui el animador del juego el condimentador Estas buscando un pequeno infierno para vos donde soportar el fuego de mi ataque de hoy Sos un tipo pan comido no es tu culpa no zambullido en el caldero es la fatalidad Es endemoniadamente caro lo que sos este clip me pone tieso yo me bajo aca Y te esnifo la cabeza y nada ni nadie nos puede parar"
"77","Patricio Rey y sus Redonditos de Ricota","Rock yugular","Dame dame tu vida dame y tendras mi piedad dame la sed de tus ojos acorazados y dame tu insolencia tambien Rara vez esta vida tiene sentido amor y asi ves que hasta mi sombre brilla en esta ciudad Caen caen al fin caen los disfraces caen desnudandote mientras unos fantasmas fieles amigos rien de vos y se roban tu fe Vas copiando tu herida sobre un panuelo rojo y ya sabes que jugando al borrego te van a carnear Risas en el taller del diablo trampas para tu sonar no vas a ser esclava del paraiso vas a bailar en un rock yugular Te ves en el pequeno espejo del mundo de hoy y no queres que la lima del tiempo muerda otra vez Dame dame tu vida dame y tendras mi piedad dame la sed de tus ojos acorazados y dame tu insolencia tambien"
"78","Patricio Rey y sus Redonditos de Ricota","Ropa sucia","Donde usas los dientes mi amor clavados en el cuello por hoy mientras bailamos tangos fatales El tango que ocultamos mejor del que preferimos no hablar es el que nos tiene narcotizados Vivir solo cuesta vida Ahora Ya mismo Puedo ajustar un guion de ropa sucia Ropa sucia Fuera Ahora mismo Andas dando guerra y temblas gastandote en relampagos tu estomago grune como enjaulado Tu gracia mete miedo mi amor dejo de beber tu licor que huele a tormenta de viejo estilo Vivir solo cuesta vida Ahora Ya mismo Puedo ajustar un guion de ropa sucia Ropa sucia fuera Ahora mismo"
"79","Patricio Rey y sus Redonditos de Ricota","Roto y mal parado","Quemas tu vida en este dia en esta tibia tibia fila Que mas que mas quemas Que mas que mas quemas tu vida Como te va en estos dias humano roto y mal parado Que mas que mas quemas Que mas que mas quemas tu vida Fuego fuego fuego fuego fuego fuego el dia Tango solo de saxo Fuego fuego fuego fuego fuego fuego mentiras Mentiras"
"80","Patricio Rey y sus Redonditos de Ricota","Salando las heridas","Saliste ya mil veces de la pista a respirar a reclutar bien maquillado y ocultando tu lunar Un dia el bote volco y el premio a pique se fue Todos te daban por muerto y vos alli en mi remolque sin luz como un polizon Mira que tipo espeso sumiso como un guiso mas un vago de mil caravanas a punto de quedar a pie Fundiendo plomo logras chorros de oro cochino en besos de lo mas desnudos pero el cafe con tu suerte se enfria en mi mesa fria Salando las heridas jodiste a todo Cristo y mas a boluditos de la luna y tipas porno nazi look Tu lengua se derrite en modas de la rabia de hoy cuando enfermas con tanta gana cerras las filas del dolor Apuntamos a tu nariz hundimos tus pomulos y vos resplandecias no te quedo sueno por vengar y ya no esper s que te jueguen limpio nunca mas"
"81","Patricio Rey y sus Redonditos de Ricota","Scaramanzia","Un uevo juego ligue done sos la heroina Scaramanzia cabala de amor virtual Scaramanzia para un sony samurai Y voy a comer del pastel que llams la vampira Scaramanzia cabala de amor virtual Scaramanzia para un sony samurai Yo solo espero vivir tus juegos y luego no quiero que vuelvas a ser como eras antes no Me voy a ir junto a vos bien lejos de este mundo Scaramanzia cabala de amor virtual Scaramanzia para un sony samurai La buena felicidad dicen que no se nota Scaramanzia cabala de amor virtual Scaramanzia para un sony samurai Hoy todos somos gente del pasado y la alucineta es que nadie quiere volver a ser como antes no Scaramanzia cabala de amor virtual Scaramanzia para un sony samurai"
"82","Patricio Rey y sus Redonditos de Ricota","Semen Up","Ella tiene una forma de hacerme creer Que es para mi la mejor manzana Su estilo desprecia mi sonar Con ella soy rico gratis La veo casi como un demonio Y rasco la alfombra por su amor Saludable y catolica No le gusta que ande solo Se ha montado en mi nariz Y es para mi la mejor fruta La veo casi como un demonio Y rasco la alfombra por su amor"
"83","Patricio Rey y sus Redonditos de Ricota","Sheriff","Sheriff Sheriff Que limpio el Templo esta Sheriff Sheriff si Ali Baba se va Sheriff Sheriff todo en su siti asi Son tres tiros a un peso y la guita es miel Sos como un fuego en un canaveral un Kamikase que ameniza la funcion Tarde en la noche Plaza Constitucion hay sangre rancia de Tramontina tajeador Sheriff Sheriff Tapales la nariz Sheriff Sheriff con bolitos de tissue Sheriff Sheriff ladra ladra y morde No permitas que pise mierda en mi jardin No tienen norte no tienen salvacion hace el trabajo y redimilos por favor Que se mejoren alla ne la eternidad partiles el bunuelo y quita mi pena asi Sheriff Sheriff Mi sheriff gigola Sheriff Sheriff mete bala por favor Sheriff Sheriff con tu gracia criminal empeza ya la puta cosa y se feroz Es un rebano de rehenes tu porcion con un infierno en cada esquina y sin control Te quiero frio despiadado y fatal pasamontanas con buen hocico rastreador Afilando tu guadana me esperas con tu chivo taquero ves y rezongas Algin dia sera esta vida hermosa y me someto por esa a tu voluntad Sheriff Sheriff"
"84","Patricio Rey y sus Redonditos de Ricota","Shoping Disco Zen","Tengo buenas y malas noticias para vos La belleza es lo que te da la felicidad Si todo gira en el Shoping Disco Zen tu belleza es de Shoping Disco Zen Un desayuno de campeones ordenas y con tu propia lengua te estrangulas Si vas de gira en el Shoping Disco Zen tu belleza es de Shoping Disco Zen Una coctelera no es una maraca gil aprende del que pone a tu gata el cascabel Si vas de gira en el Shoping Disco Zen tu belleza es de Shoping Disco Zen Das un paso mas y sos carne muerta ois esta calle es mas angosta de lo que pensas Si vas de gira en el Shoping Disco Zen tu belleza es de Shoping Disco Zen"
"85","Patricio Rey y sus Redonditos de Ricota","Sorpresa en Shangai","Tengo el hocico listo estoy acalorado voy a chasquear la lengua un poco voy a escupir misiles Puro veneno risas que duelen Acostumbre el pellejo a los ultravioletas voy a tumbarme a la bartola sobre unos terciopelos El que abandona no liene premio A quien le importa toda esta guinda Si te sofoca A quien le importa Estan contando chistes detras de las paredes si de reir se trata creo son verdaderos dramas El bote roto A quien le importa Mis penas como piedras caen ruedan y escapan falopas duras en tipos blandos ahuecan corazones Caras de liebre de liebre tuerta A quien le importa toda esta guinda Si te sofoca A quien le importa"
"86","Patricio Rey y sus Redonditos de Ricota","Superlogico","Ah van los machos para consumar Una hermosa dotacion vital Superlogico Si Si Si El club de mantis muy nervioso esta Esas hembras no son dulces no Superlogico Si Si Si Tal orgia van a banquetear Sin descanso van a devorar Superlogico Si Si Si El rostro se comienza a afiebrar Esas hembras no son dulces no Superlogico Si Si Si"
"87","Patricio Rey y sus Redonditos de Ricota","Susanita","Susanita tan bonita una nena que tu padre trajo vino un gato y festejo a la nena que tu padre trajo Asi es este amor no television Su pelo endulza su panuelo y a nadie le amarga un dulce vino un gato y festejo lo dulce que tu padre trajo Asi es este amor no television"
"88","Patricio Rey y sus Redonditos de Ricota","Tarea fina","Quemando la turbina te escapas vas a volver a herirme otra vez en tu ternura esta acechandome una buena traicion de mujer que hecha hielo y brasas en mi corazon fumando en la oscuridad Sobrio no te puedo ni hablar estoy perdido sin mi estupidez un auto guapo va a venir por vos y nada va a cambiar vas a vivir en le delta en un lanchon buscando de que reir Le das la copa al fin vencedor tarea fina perdida en mi soledad no se si no me gusta mas que el rock nunca lo vi llorar si no va sin freno no anda bien ni me encadena a su show Con las piernas mas bonitas las mas lindas piernas que vi y un juego rico de amores caida libre para dos"
"89","Patricio Rey y sus Redonditos de Ricota","Te voy a atornillar","Te aprieto mucho te empleo mucho te sirvo mucho te piso mucho Como puede ser que te alboroten mis placeres Te escucho mucho te asfixio mucho te impacto mucho te siento mucho Yo te quisiera salvar te voy a atornillar te voy a herir un poquito mas Te aprieto mucho te empleo mucho te asfixio mucho Como puede ser que te alboroten mis placeres Te sirvo mucho te piso mucho te aprie te aprieto mucho Te aprieto mucho te pego mucho te asfixio mucho Como puede ser que te alboroten mis placeres Te escucho mucho te asfixio mucho te aprie te aprieto mucho"
"90","Patricio Rey y sus Redonditos de Ricota","Todo preso es politico","Si esta carcel sigue asi todo preso es politico Un comun va a pestanear si tu preso es politico Obligados a escapar somos presos politicos reos de la propiedad los esclavos politicos El ascensor ya sube tu confesion ya sube detenganme detenganos Quince anos pago ayer con tres bucos politicos todos esquivandole temerosos politicos"
"91","Patricio Rey y sus Redonditos de Ricota","Todo un palo","El futuro llego hace rato todo un palo ya lo ves Veamoslo un poco con tus ojos El futuro ya llego Yo voy en trenes no tengo donde ir Algo me late y no es mi corazon Como no sentirme asi si ese perro sigue alli Que podria ser pero eso no me arregla Eso no me arregla a mi Estas llamando a un gato con silbidos el futuro ya llego llego como vos no lo esperabas Todo un palo ya lo ves Yo voy en trenes no tengo donde ir Algo me late y no es mi corazon"
"92","Patricio Rey y sus Redonditos de Ricota","Toxi taxi","Te tenemos alli abandonado alli preso como un animal como un animal feroz asi las cosas la fiera mas fiera donde esta El toxi taxi viene y va y tu sombra va detras de hordas notables con los secretos para hacer un negocio tan pequeno y simple como vos Un toque por si las moscas van y otro toque por si vas detras ya no hay tiempos de lamentos Ya no hay mas Un sueno con Luis Maria muerto cuando me decia Cada dia veo menos cada dia veo menos creo menos mal"
"93","Patricio Rey y sus Redonditos de Ricota","Un angel para tu soledad","Ya sufriste cosas mejores que estas y vas a andar esta ruta hoy cuando anochezca Tu esqueleto te trajo hasta aqui con un cuerpo hambriento veloz y aqui Gracias a dios uno no cree en lo que oye Angel de la soledad y de la desolacion preso de tu ilusion vas a bailar a bailar bailar Es tan simple asi no podes elegir Claro que no siempre ves resulta bien Atado con doble cordel el de simular no queres girar maniatado queres faulear y arremolinar Medis tu acrobacia y saltas Tu secreto es La suerte del principiante no puede fallar Alguna vez quiza se te va la mano y las llamas en pena invaden tu cuerpo y caes en manos del Angel de la Soledad y el Gracias a dios tampoco cree en lo que oye Angel de la soledad y de la desolacion preso de tu ilusion vas a bailar a bailar bailar"
"94","Patricio Rey y sus Redonditos de Ricota","Un pac man en el Savoy","Todo lo que esta en mi nube es nada mas que tu sermon fatal si tu grito es un ladrido y mi cuchillo es un rayo cruel Toda esa bateria de risa rubia de barrio especial las nuevas supersticiones la bobera de un nuevo pac man Nuestro pac man no es de nadie pero el mono es de el A veces gana a veces pierde como todo jugador Un buen par de ojos de vidrio y tu mirada tiende a mejorar las nuevas supersticiones la bobera del nuevo pac man"
"95","Patricio Rey y sus Redonditos de Ricota","Un poco de amor frances","Una tipa rapaz como te gusta a voz esa tipa vino a consolarte un poco de amor frances no muerde su lengua no no es sincera pero te gusta oirla es una linda racion con un defecto con uno o dos Y es un coctel que no se mezcla solo Quiere si quiere mas ya no la engatuzas es una copa de lo mejor cuando se rie El lujo es vulgaridad dijo y me conquisto de esa miel no comen las hormigas"
"96","Patricio Rey y sus Redonditos de Ricota","Una piba con la remera de Greenpeace","Esta dormido o finje que duerme llega una mosca y se posa en su boca y sin embargo mi mundo termina en ella Ya se canso de dormir todo el tiempo en sillones y de taparse la boca para no gritar Nunca supo buscarse la vida Su cuna fueron restos de un Mehari Cuando se enoja chisporrotea infumable Se aparta corriendo de mamones zoquetes y siolos pipiolos y por las dudas nunca esta cerca de las vias sin mirar atras mirar atras Boca sucia pequena hechicera una pendeja que hace de vieja tratando de que pique algun pavo ingenuo El jean le apreta la fresa y ella es la reina en paredones que escracha culeando su estrella Suela con algun pajarraco que le de un pie y sople su amor y la alegria por la que su mundo gira Se aparta corriendo demamones zoquetes y fiolos pipiolos usa su lengua como un sable mientras se rie y nos apura y por las dudas nunca esta cerca de las vias sin mirar atras mirar atras"
"97","Patricio Rey y sus Redonditos de Ricota","Unos pocos peligrosos sensatos","Si tus peligros son tan sensatos casi sin arrebatos y sos prudente en la tiniebla y con los gatos Golpe de suerte golpe de suerte eh Si vos cuidas que tu animal no nos muestre libremente lo que ya sabe del cuento de la muerte Golpe de suerte golpe de suerte eh Todo ese estupido viaje de amor por los altos solidos solidos bolidos que estan tachando tu suerte uh"
"98","Patricio Rey y sus Redonditos de Ricota","Vamos las bandas","Y cuanto vale dormir tan custodiado de expertos cinicos y botones dorados Y cuanto vale se La Banda Nueva y andar trepando radares militares Vamos las bandas rajen del cielo Y cuanto vale tu estomago crispado y tus narices temblando por el miedo Y cuanto vale todo lo registrado si el sueno llega tan mal que te condena Vamos las bandas rajen del cielo Y cuanto valen todas tus enfermeras y tus temblores de moco super caro Y cuanto valen satelites espias y voluntades que crees haber sitiado Vamos las bandas rajen del cielo Y cuanto valen tus ojos maquillados y meditar con eter perfumado Y cuanto vale se La Banda Nueva y andar trepando radares militares Vamos las bandas rajen del cielo"
"99","Patricio Rey y sus Redonditos de Ricota","Vencedores vencidos","Y ahora tiro porque me toca en este tiempo de plumaje blanco Un mudo con tu voz y un ciego como yo Vencedores vencidos Te has fugado Me hago humo Den la alarma Ensayo general para la alrma actual teatro antidisturbios Se rompe loca mi anatomia con el humor de los sobrevivientes de un mudo con tu voz de un ciego como yo Vencedores vencidos Leyendo diarios de una bano turco empanando Ray Ban s mascando un hueso tu perro un perro cruel con la costumbre de no contentarse con los restos Overjero que descansa en manto negro Ensayo general para la farsa actual teatro antidisturbios En este rollo de monos de polvo hemos perdido el rastro unos minutos un par de monos mas unos terricolas Vencedores vencidos Buena Suerte Y mas que suerte sin alarma Me voy corriendo a ver que escribe en mi pared la tribu de mi calle La banda de mi calle"
"100","Patricio Rey y sus Redonditos de Ricota","Ya nadie va a escuchar tu remera","Esto es efimero Ahora efimero Como corre el tiempo Tic Tac efimero Luces efimeras Pero te creo Es casi hipnotico El tic no alcanza a tac Ni me moja el paladar El ritmo efimero El grito efimero Pero te creo Un ultimo secuestro no El de tu estado de animo no Tu aliento vas a proteger En este dia y cada dia Al reloj lo del reloj Y alrededor del reloj tu estado de animo"
"101","Patricio Rey y sus Redonditos de Ricota","Yo no me cai del cielo","Nena no quiero perderte no pases de todo que no esta tan mal Yo no me cai del cielo pero si de un bar muy triste Nena hay mucho olor a gato Nena no quiero perderte si quieres puedes apostar Nena hay alegrias y alegrias hay mucho vino malicioso y poco vino del mejor"
"102","Patricio Rey y sus Redonditos de Ricota","Yo canibal","No se entiende el menu pero la salsa abunda Soy un gourmet que huele eternamente mal Viejas compotas que no dan respiro al canibal que hay en mi que no es bien recibido en un banquete asi Se amasan las fortunas se cargan los bolsillos de presa seca de oro falso de vermouth Me acaban el cerebro a mordiscos bebiendo el jugo de mi corazon y me cuentan cuentos al ir a dormir A un cordero de mi estilo a un canibal de mi estilo Voy al Coliseo a prenderme fuego mi racha de novato nunca cambiara Por favor que el adios no se alargue me canse de tanto esperar cuando el fuego crezca quiero estar alli Un cordero de mi estilo a un caniibal de mi estilo"
"103","Patricio Rey y sus Redonditos de Ricota","Lobo estas","Condenada sangre cosquillea tibia no se puede soportar Fijense senores cuando esa tormenta suena provoca calamidad Por donde esas nubes van ya no late el animal no late mas Pasan los coches ligeros conductores mudos que amenazan con flipar El nene sopla el flequillo el papi moquea brillo la radio rata ta ta El mundo es tan chico viejo sin embargo nunca supe de alguien como vos Corres con un gran golfa colgando de las pelotas y la vas de bailarin Por donde esas nubes van ya no late el animal no late mas"
